{
    "base_models": {
        "SVM": {
            "accuracy": 0.8629293583927414,
            "precision": 0.9142011834319527,
            "recall": 0.8010369410239793,
            "f1": 0.8538860103626943,
            "auc": 0.92566139221765
        },
        "GBDT": {
            "accuracy": 0.87200259235256,
            "precision": 0.896957123098202,
            "recall": 0.8405703175631886,
            "f1": 0.8678487788558046,
            "auc": 0.9415296812187585
        },
        "XGBoost": {
            "accuracy": 0.9008425145819832,
            "precision": 0.9268461007591442,
            "recall": 0.8703823720025924,
            "f1": 0.8977272727272727,
            "auc": 0.9602885357282214
        },
        "LightGBM": {
            "accuracy": 0.8959818535320804,
            "precision": 0.9231301939058172,
            "recall": 0.8639014906027219,
            "f1": 0.8925343153665886,
            "auc": 0.956134975380631
        },
        "ExtraTree": {
            "accuracy": 0.9047310434219054,
            "precision": 0.9370188943317005,
            "recall": 0.8677900194426442,
            "f1": 0.9010767160161507,
            "auc": 0.9677369291374631
        }
    },
    "ensemble_results": {
        "LogisticRegression": {
            "accuracy": 0.9034348671419313,
            "precision": 0.9302004146510021,
            "recall": 0.8723266364225535,
            "f1": 0.9003344481605351,
            "auc": 0.9677854412438588
        },
        "ExtraTreesClassifier": {
            "accuracy": 0.9024627349319507,
            "precision": 0.9259259259259259,
            "recall": 0.8749189889825016,
            "f1": 0.8997000999666778,
            "auc": 0.9687168316848318
        },
        "SVC": {
            "accuracy": 0.9053791315618924,
            "precision": 0.9358885017421603,
            "recall": 0.8703823720025924,
            "f1": 0.9019476158495635,
            "auc": 0.9685299235692814
        },
        "XGBClassifier": {
            "accuracy": 0.5790667530784187,
            "precision": 0.9959349593495935,
            "recall": 0.15878159429682437,
            "f1": 0.2738960313024036,
            "auc": 0.9397143623976152
        },
        "LGBMClassifier": {
            "accuracy": 0.8959818535320804,
            "precision": 0.889171974522293,
            "recall": 0.9047310434219054,
            "f1": 0.896884034693222,
            "auc": 0.9349007433902781
        }
    },
    "selected_models": [
        "ExtraTree",
        "XGBoost",
        "LightGBM"
    ]
}